﻿<?xml version="1.0" encoding="utf-8"?><meta xmlns:xsi="http://www.w3.org/2001/XMLSchema-instance" xmlns:xsd="http://www.w3.org/2001/XMLSchema"><project id="6rE43z4TYhB" courseid="5ZE1lSpDwNd_course_id" thumburl="story_content/thumbnail.jpg" title="DESCRIPTIVE TEXT" datepublished="2024-11-03T07:33:10" version="1.0.0.0" flashdata="story_content/data.swf" html5data="mobile/data.json" mobiledata="mobile/data.gz" enabledownload="false" duration="About 15 minutes" totalaudio="367170" totalvideo="0"><description>AMAZING BORNEO</description><keywords /><slidemeta moniker="slide" monikerplural="slides" viewslides="13" slidecountdescription="13 slides" /><author name="Asus" email="" website="" /><application name="Articulate Storyline" version="3.12.24693.0" xmlversion="4.0" /></project></meta>